[
    {
      "fname": "Liam",
      "lname": "Forsey",
      "gender": "male",
      "age": "20",
      "salary": 0
    },
    {
      "fname": "Logan",
      "lname": "Riggs",
      "gender": "male",
      "age": "21",
      "salary": 30000   
    },
    {
      "fname": "Jared",
      "lname": "Bennett",
      "gender": "male",
      "age": "18",
      "salary": 23000
    },
    {
      "fname": "Jack",
      "lname": "Bennett",
      "gender": "male",
      "age": "20",
      "salary": 40000
    },
    {
      "fname": "Riley",
      "lname": "Cheeseman",
      "gender": "male",
      "age": "21",
      "salary": 50000
    }
  ]